[
{
  "model": "spoton.quiz",
  "pk": "5a0ce787-8dde-4eda-a3f4-ceb539580efa",
  "fields": {}
},
{
  "model": "spoton.quiz",
  "pk": "d8f49ba6-ccd8-4a9d-a15c-42daba014842",
  "fields": {}
},
{
  "model": "spoton.question",
  "pk": 1,
  "fields": {
    "polymorphic_ctype": [
      "spoton",
      "sliderquestion"
    ],
    "quiz": "d8f49ba6-ccd8-4a9d-a15c-42daba014842",
    "text": "Question 1.1"
  }
},
{
  "model": "spoton.question",
  "pk": 2,
  "fields": {
    "polymorphic_ctype": [
      "spoton",
      "sliderquestion"
    ],
    "quiz": "d8f49ba6-ccd8-4a9d-a15c-42daba014842",
    "text": "Question 1.2"
  }
},
{
  "model": "spoton.question",
  "pk": 3,
  "fields": {
    "polymorphic_ctype": [
      "spoton",
      "checkboxquestion"
    ],
    "quiz": "d8f49ba6-ccd8-4a9d-a15c-42daba014842",
    "text": "Question 1.3"
  }
},
{
  "model": "spoton.question",
  "pk": 4,
  "fields": {
    "polymorphic_ctype": [
      "spoton",
      "checkboxquestion"
    ],
    "quiz": "d8f49ba6-ccd8-4a9d-a15c-42daba014842",
    "text": "Question 1.4"
  }
},
{
  "model": "spoton.question",
  "pk": 5,
  "fields": {
    "polymorphic_ctype": [
      "spoton",
      "sliderquestion"
    ],
    "quiz": "5a0ce787-8dde-4eda-a3f4-ceb539580efa",
    "text": "Question 2.1"
  }
},
{
  "model": "spoton.question",
  "pk": 6,
  "fields": {
    "polymorphic_ctype": [
      "spoton",
      "checkboxquestion"
    ],
    "quiz": "5a0ce787-8dde-4eda-a3f4-ceb539580efa",
    "text": "Question 2.2"
  }
},
{
  "model": "spoton.question",
  "pk": 7,
  "fields": {
    "polymorphic_ctype": [
      "spoton",
      "checkboxquestion"
    ],
    "quiz": "5a0ce787-8dde-4eda-a3f4-ceb539580efa",
    "text": "Question 2.3"
  }
},
{
  "model": "spoton.checkboxquestion",
  "pk": 3,
  "fields": {}
},
{
  "model": "spoton.checkboxquestion",
  "pk": 4,
  "fields": {}
},
{
  "model": "spoton.checkboxquestion",
  "pk": 6,
  "fields": {}
},
{
  "model": "spoton.checkboxquestion",
  "pk": 7,
  "fields": {}
},
{
  "model": "spoton.choice",
  "pk": 1,
  "fields": {
    "question": 3,
    "answer": false,
    "primary_text": "Choice 1.1",
    "secondary_text": "Subtext 1.1"
  }
},
{
  "model": "spoton.choice",
  "pk": 2,
  "fields": {
    "question": 3,
    "answer": true,
    "primary_text": "Choice 1.2",
    "secondary_text": "Subtext 1.2"
  }
},
{
  "model": "spoton.choice",
  "pk": 3,
  "fields": {
    "question": 3,
    "answer": false,
    "primary_text": "Choice 1.3",
    "secondary_text": "Subtext 1.3"
  }
},
{
  "model": "spoton.choice",
  "pk": 4,
  "fields": {
    "question": 3,
    "answer": false,
    "primary_text": "Choice 1.4",
    "secondary_text": "Subtext 1.4"
  }
},
{
  "model": "spoton.choice",
  "pk": 5,
  "fields": {
    "question": 4,
    "answer": true,
    "primary_text": "Choice 2.1",
    "secondary_text": "Subtext 2.1"
  }
},
{
  "model": "spoton.choice",
  "pk": 6,
  "fields": {
    "question": 4,
    "answer": false,
    "primary_text": "Choice 2.2",
    "secondary_text": "Subtext 2.2"
  }
},
{
  "model": "spoton.choice",
  "pk": 7,
  "fields": {
    "question": 4,
    "answer": false,
    "primary_text": "Choice 2.3",
    "secondary_text": "Subtext 2.3"
  }
},
{
  "model": "spoton.choice",
  "pk": 8,
  "fields": {
    "question": 4,
    "answer": true,
    "primary_text": "Choice 2.4",
    "secondary_text": "Subtext 2.4"
  }
},
{
  "model": "spoton.choice",
  "pk": 9,
  "fields": {
    "question": 6,
    "answer": false,
    "primary_text": "Choice 3.1",
    "secondary_text": "Subtext 3.1"
  }
},
{
  "model": "spoton.choice",
  "pk": 10,
  "fields": {
    "question": 6,
    "answer": true,
    "primary_text": "Choice 3.2",
    "secondary_text": "Subtext 3.2"
  }
},
{
  "model": "spoton.choice",
  "pk": 11,
  "fields": {
    "question": 6,
    "answer": true,
    "primary_text": "Choice 3.3",
    "secondary_text": "Subtext 3.3"
  }
},
{
  "model": "spoton.choice",
  "pk": 12,
  "fields": {
    "question": 6,
    "answer": false,
    "primary_text": "Choice 3.4",
    "secondary_text": "Subtext 3.4"
  }
},
{
  "model": "spoton.choice",
  "pk": 13,
  "fields": {
    "question": 7,
    "answer": false,
    "primary_text": "Choice 4.1",
    "secondary_text": "Subtext 4.1"
  }
},
{
  "model": "spoton.choice",
  "pk": 14,
  "fields": {
    "question": 7,
    "answer": false,
    "primary_text": "Choice 4.2",
    "secondary_text": "Subtext 4.2"
  }
},
{
  "model": "spoton.choice",
  "pk": 15,
  "fields": {
    "question": 7,
    "answer": false,
    "primary_text": "Choice 4.3",
    "secondary_text": "Subtext 4.3"
  }
},
{
  "model": "spoton.choice",
  "pk": 16,
  "fields": {
    "question": 7,
    "answer": true,
    "primary_text": "Choice 4.4",
    "secondary_text": "Subtext 4.4"
  }
},
{
  "model": "spoton.sliderquestion",
  "pk": 1,
  "fields": {
    "slider_min": 0,
    "slider_max": 10,
    "answer": 5
  }
},
{
  "model": "spoton.sliderquestion",
  "pk": 2,
  "fields": {
    "slider_min": 5,
    "slider_max": 20,
    "answer": 7
  }
},
{
  "model": "spoton.sliderquestion",
  "pk": 5,
  "fields": {
    "slider_min": 40,
    "slider_max": 100,
    "answer": 65
  }
},
{
  "model": "spoton.response",
  "pk": 1,
  "fields": {
    "name": "cash",
    "quiz": "d8f49ba6-ccd8-4a9d-a15c-42daba014842"
  }
},
{
  "model": "spoton.response",
  "pk": 2,
  "fields": {
    "name": "Ben",
    "quiz": "5a0ce787-8dde-4eda-a3f4-ceb539580efa"
  }
},
{
  "model": "spoton.questionresponse",
  "pk": 1,
  "fields": {
    "polymorphic_ctype": [
      "spoton",
      "sliderresponse"
    ],
    "question": 1,
    "response": 1
  }
},
{
  "model": "spoton.questionresponse",
  "pk": 2,
  "fields": {
    "polymorphic_ctype": [
      "spoton",
      "sliderresponse"
    ],
    "question": 2,
    "response": 1
  }
},
{
  "model": "spoton.questionresponse",
  "pk": 3,
  "fields": {
    "polymorphic_ctype": [
      "spoton",
      "checkboxresponse"
    ],
    "question": 3,
    "response": 1
  }
},
{
  "model": "spoton.questionresponse",
  "pk": 4,
  "fields": {
    "polymorphic_ctype": [
      "spoton",
      "checkboxresponse"
    ],
    "question": 4,
    "response": 1
  }
},
{
  "model": "spoton.questionresponse",
  "pk": 5,
  "fields": {
    "polymorphic_ctype": [
      "spoton",
      "sliderresponse"
    ],
    "question": 5,
    "response": 2
  }
},
{
  "model": "spoton.questionresponse",
  "pk": 6,
  "fields": {
    "polymorphic_ctype": [
      "spoton",
      "checkboxresponse"
    ],
    "question": 6,
    "response": 2
  }
},
{
  "model": "spoton.questionresponse",
  "pk": 7,
  "fields": {
    "polymorphic_ctype": [
      "spoton",
      "checkboxresponse"
    ],
    "question": 7,
    "response": 2
  }
},
{
  "model": "spoton.checkboxresponse",
  "pk": 3,
  "fields": {}
},
{
  "model": "spoton.checkboxresponse",
  "pk": 4,
  "fields": {}
},
{
  "model": "spoton.checkboxresponse",
  "pk": 6,
  "fields": {}
},
{
  "model": "spoton.checkboxresponse",
  "pk": 7,
  "fields": {}
},
{
  "model": "spoton.choiceresponse",
  "pk": 1,
  "fields": {
    "choice": 3,
    "answer": 3
  }
},
{
  "model": "spoton.choiceresponse",
  "pk": 2,
  "fields": {
    "choice": 8,
    "answer": 4
  }
},
{
  "model": "spoton.choiceresponse",
  "pk": 3,
  "fields": {
    "choice": 10,
    "answer": 6
  }
},
{
  "model": "spoton.choiceresponse",
  "pk": 4,
  "fields": {
    "choice": 11,
    "answer": 6
  }
},
{
  "model": "spoton.choiceresponse",
  "pk": 5,
  "fields": {
    "choice": 16,
    "answer": 7
  }
},
{
  "model": "spoton.sliderresponse",
  "pk": 1,
  "fields": {
    "answer": 7
  }
},
{
  "model": "spoton.sliderresponse",
  "pk": 2,
  "fields": {
    "answer": 7
  }
},
{
  "model": "spoton.sliderresponse",
  "pk": 5,
  "fields": {
    "answer": 67
  }
}
]
